<?xml version="1.0" encoding="utf-8"?><wsdl:definitions targetNamespace="urn:sap-com:document:sap:soap:functions:mc-style" xmlns:wsdl="http://schemas.xmlsoap.org/wsdl/" xmlns:xsd="http://www.w3.org/2001/XMLSchema" xmlns:soap="http://schemas.xmlsoap.org/wsdl/soap/" xmlns:wsoap12="http://schemas.xmlsoap.org/wsdl/soap12/" xmlns:http="http://schemas.xmlsoap.org/wsdl/http/" xmlns:mime="http://schemas.xmlsoap.org/wsdl/mime/" xmlns:tns="urn:sap-com:document:sap:soap:functions:mc-style" xmlns:wsp="http://schemas.xmlsoap.org/ws/2004/09/policy" xmlns:wsu="http://docs.oasis-open.org/wss/2004/01/oasis-200401-wss-wssecurity-utility-1.0.xsd" xmlns:n1="urn:sap-com:document:sap:rfc:functions"><wsdl:documentation><sidl:sidl xmlns:sidl="http://www.sap.com/2007/03/sidl"/></wsdl:documentation><wsp:UsingPolicy wsdl:required="true"/><wsp:Policy wsu:Id="BN_BN_binding"><saptrnbnd:OptimizedXMLTransfer uri="http://xml.sap.com/2006/11/esi/esp/binxml" xmlns:saptrnbnd="http://www.sap.com/webas/710/soap/features/transportbinding/" wsp:Optional="true"/><saptrnbnd:OptimizedMimeSerialization xmlns:saptrnbnd="http://schemas.xmlsoap.org/ws/2004/09/policy/optimizedmimeserialization" wsp:Optional="true"/><wsp:ExactlyOne xmlns:wsp="http://schemas.xmlsoap.org/ws/2004/09/policy"/><wsaw:UsingAddressing xmlns:wsaw="http://www.w3.org/2006/05/addressing/wsdl" wsp:Optional="true"/></wsp:Policy><wsp:Policy wsu:Id="BN_BN_binding_SOAP12"><saptrnbnd:OptimizedXMLTransfer uri="http://xml.sap.com/2006/11/esi/esp/binxml" xmlns:saptrnbnd="http://www.sap.com/webas/710/soap/features/transportbinding/" wsp:Optional="true"/><saptrnbnd:OptimizedMimeSerialization xmlns:saptrnbnd="http://schemas.xmlsoap.org/ws/2004/09/policy/optimizedmimeserialization" wsp:Optional="true"/><wsp:ExactlyOne xmlns:wsp="http://schemas.xmlsoap.org/ws/2004/09/policy"/><wsaw:UsingAddressing xmlns:wsaw="http://www.w3.org/2006/05/addressing/wsdl" wsp:Optional="true"/></wsp:Policy><wsp:Policy wsu:Id="IF_IF_ZHR_JFPER_INTERFACE"><sapsession:Session xmlns:sapsession="http://www.sap.com/webas/630/soap/features/session/"><sapsession:enableSession>false</sapsession:enableSession></sapsession:Session><sapcentraladmin:CentralAdministration xmlns:sapcentraladmin="http://www.sap.com/webas/700/soap/features/CentralAdministration/" wsp:Optional="true"><sapcentraladmin:BusinessApplicationID>00C0DD2349381EE496CF8DDEA787C40E</sapcentraladmin:BusinessApplicationID></sapcentraladmin:CentralAdministration></wsp:Policy><wsp:Policy wsu:Id="OP_IF_OP_ZdefmHrJfper"><sapcomhnd:enableCommit xmlns:sapcomhnd="http://www.sap.com/NW05/soap/features/commit/">false</sapcomhnd:enableCommit><sapblock:enableBlocking xmlns:sapblock="http://www.sap.com/NW05/soap/features/blocking/">true</sapblock:enableBlocking><saptrhnw05:required xmlns:saptrhnw05="http://www.sap.com/NW05/soap/features/transaction/">no</saptrhnw05:required><saprmnw05:enableWSRM xmlns:saprmnw05="http://www.sap.com/NW05/soap/features/wsrm/">false</saprmnw05:enableWSRM></wsp:Policy><wsdl:types><xsd:schema attributeFormDefault="qualified" targetNamespace="urn:sap-com:document:sap:rfc:functions"><xsd:simpleType name="char1"><xsd:restriction base="xsd:string"><xsd:maxLength value="1"/></xsd:restriction></xsd:simpleType><xsd:simpleType name="char10"><xsd:restriction base="xsd:string"><xsd:maxLength value="10"/></xsd:restriction></xsd:simpleType><xsd:simpleType name="char132"><xsd:restriction base="xsd:string"><xsd:maxLength value="132"/></xsd:restriction></xsd:simpleType><xsd:simpleType name="char2"><xsd:restriction base="xsd:string"><xsd:maxLength value="2"/></xsd:restriction></xsd:simpleType><xsd:simpleType name="char20"><xsd:restriction base="xsd:string"><xsd:maxLength value="20"/></xsd:restriction></xsd:simpleType><xsd:simpleType name="char200"><xsd:restriction base="xsd:string"><xsd:maxLength value="200"/></xsd:restriction></xsd:simpleType><xsd:simpleType name="char25"><xsd:restriction base="xsd:string"><xsd:maxLength value="25"/></xsd:restriction></xsd:simpleType><xsd:simpleType name="char30"><xsd:restriction base="xsd:string"><xsd:maxLength value="30"/></xsd:restriction></xsd:simpleType><xsd:simpleType name="char4"><xsd:restriction base="xsd:string"><xsd:maxLength value="4"/></xsd:restriction></xsd:simpleType><xsd:simpleType name="char40"><xsd:restriction base="xsd:string"><xsd:maxLength value="40"/></xsd:restriction></xsd:simpleType><xsd:simpleType name="date10"><xsd:restriction base="xsd:string"><xsd:maxLength value="10"/><xsd:pattern value="\d\d\d\d-\d\d-\d\d"/></xsd:restriction></xsd:simpleType><xsd:simpleType name="numeric2"><xsd:restriction base="xsd:string"><xsd:maxLength value="2"/><xsd:pattern value="\d*"/></xsd:restriction></xsd:simpleType><xsd:simpleType name="numeric8"><xsd:restriction base="xsd:string"><xsd:maxLength value="8"/><xsd:pattern value="\d*"/></xsd:restriction></xsd:simpleType></xsd:schema><xsd:schema attributeFormDefault="qualified" targetNamespace="urn:sap-com:document:sap:soap:functions:mc-style" xmlns:n0="urn:sap-com:document:sap:rfc:functions"><xsd:import namespace="urn:sap-com:document:sap:rfc:functions"/><xsd:complexType name="ZhrsHtPernr"><xsd:sequence><xsd:element name="Pernr" type="n0:numeric8"/></xsd:sequence></xsd:complexType><xsd:complexType name="ZshrJfpernr"><xsd:sequence><xsd:element name="Pernr" type="n0:numeric8"/><xsd:element name="Nachn" type="n0:char25"/><xsd:element name="Orgeh" type="n0:numeric8"/><xsd:element name="Orgtx" type="n0:char25"/><xsd:element name="Zopath" type="n0:char200"/><xsd:element name="Stat2" type="n0:char1"/><xsd:element name="Text1" type="n0:char10"/><xsd:element name="Werks" type="n0:char4"/><xsd:element name="Name1" type="n0:char30"/><xsd:element name="Plans" type="n0:numeric8"/><xsd:element name="Plstx" type="n0:char40"/><xsd:element name="Ictyp" type="n0:char2"/><xsd:element name="Ictxt" type="n0:char30"/><xsd:element name="Icnum" type="n0:char30"/><xsd:element name="Email" type="n0:char132"/><xsd:element name="Zmtel" type="n0:char30"/><xsd:element name="Zotel" type="n0:char30"/><xsd:element name="Emsid" type="n0:char20"/></xsd:sequence></xsd:complexType><xsd:complexType name="TableOfZhrsHtPernr"><xsd:sequence><xsd:element name="item" type="tns:ZhrsHtPernr" minOccurs="0" maxOccurs="unbounded"/></xsd:sequence></xsd:complexType><xsd:complexType name="TableOfZshrJfpernr"><xsd:sequence><xsd:element name="item" type="tns:ZshrJfpernr" minOccurs="0" maxOccurs="unbounded"/></xsd:sequence></xsd:complexType><xsd:element name="ZdefmHrJfper"><xsd:complexType><xsd:sequence><xsd:element name="EtResult" type="tns:TableOfZshrJfpernr" minOccurs="0"/><xsd:element name="ImDate" type="n0:date10" minOccurs="0"/><xsd:element name="ImDays" type="n0:numeric2" minOccurs="0"/><xsd:element name="ItPernr" type="tns:TableOfZhrsHtPernr" minOccurs="0"/></xsd:sequence></xsd:complexType></xsd:element><xsd:element name="ZdefmHrJfperResponse"><xsd:complexType><xsd:sequence><xsd:element name="EtResult" type="tns:TableOfZshrJfpernr" minOccurs="0"/><xsd:element name="ItPernr" type="tns:TableOfZhrsHtPernr" minOccurs="0"/></xsd:sequence></xsd:complexType></xsd:element></xsd:schema></wsdl:types><wsdl:message name="ZdefmHrJfper"><wsdl:part name="parameters" element="tns:ZdefmHrJfper"/></wsdl:message><wsdl:message name="ZdefmHrJfperResponse"><wsdl:part name="parameter" element="tns:ZdefmHrJfperResponse"/></wsdl:message><wsdl:portType name="ZHR_JFPER_INTERFACE"><wsp:Policy><wsp:PolicyReference URI="#IF_IF_ZHR_JFPER_INTERFACE"/></wsp:Policy><wsdl:operation name="ZdefmHrJfper"><wsp:Policy><wsp:PolicyReference URI="#OP_IF_OP_ZdefmHrJfper"/></wsp:Policy><wsdl:input message="tns:ZdefmHrJfper"/><wsdl:output message="tns:ZdefmHrJfperResponse"/></wsdl:operation></wsdl:portType><wsdl:binding name="binding" type="tns:ZHR_JFPER_INTERFACE"><wsp:Policy><wsp:PolicyReference URI="#BN_BN_binding"/></wsp:Policy><soap:binding transport="http://schemas.xmlsoap.org/soap/http" style="document"/><wsdl:operation name="ZdefmHrJfper"><soap:operation soapAction="urn:sap-com:document:sap:soap:functions:mc-style:ZHR_JFPER_INTERFACE:ZdefmHrJfperRequest" style="document"/><wsdl:input><soap:body use="literal"/></wsdl:input><wsdl:output><soap:body use="literal"/></wsdl:output></wsdl:operation></wsdl:binding><wsdl:binding name="binding_SOAP12" type="tns:ZHR_JFPER_INTERFACE"><wsp:Policy><wsp:PolicyReference URI="#BN_BN_binding_SOAP12"/></wsp:Policy><wsoap12:binding transport="http://schemas.xmlsoap.org/soap/http" style="document"/><wsdl:operation name="ZdefmHrJfper"><wsoap12:operation soapAction="urn:sap-com:document:sap:soap:functions:mc-style:ZHR_JFPER_INTERFACE:ZdefmHrJfperRequest" style="document"/><wsdl:input><wsoap12:body use="literal"/></wsdl:input><wsdl:output><wsoap12:body use="literal"/></wsdl:output></wsdl:operation></wsdl:binding><wsdl:service name="service"><wsdl:port name="binding" binding="tns:binding"><soap:address location="http://PKGHDECCP.evergrande.com:8000/sap/bc/srt/rfc/sap/zhr_jfper_interface/800/service/binding"/></wsdl:port><wsdl:port name="binding_SOAP12" binding="tns:binding_SOAP12"><wsoap12:address location="http://PKGHDECCP.evergrande.com:8000/sap/bc/srt/rfc/sap/zhr_jfper_interface/800/service/binding"/></wsdl:port></wsdl:service></wsdl:definitions>
